창업,창업가
창업,공동 창업가
창업,CEO
창업,COO
창업,CTO
창업,CMO
창업,CFO
창업,CBO
창업,CPO
창업,CRO
창업,CHO
창업,CIO
창업,CSO
개발,프론트엔드 개발자
개발,백엔드 개발자
개발,풀스택 개발자
개발,iOS 개발자
개발,Android 개발자
개발,QA 개발자
개발,DevOps 엔지니어
개발,데이터 엔지니어
개발,보안 엔지니어
개발,머신러닝 개발자
개발,AI 개발자
개발,블록체인 개발자
개발,CRM 개발자
개발,임베디드 소프트웨어 개발자
개발,게임 개발자
디자인,프로덕트 디자이너
디자인,UX 디자이너
디자인,UI/GUI 디자이너
디자인,웹 디자이너
디자인,BI/BX 디자이너
디자인,그래픽 디자이너
디자인,제품 디자이너
디자인,산업 디자이너
디자인,영상 디자이너
디자인,모션 디자이너
디자인,편집 디자이너
디자인,광고 디자이너
디자인,3D 디자이너
디자인,공간 디자이너
디자인,캐릭터 디자이너
디자인,일러스트레이터
기획,프로덕트 매니저
기획,프로젝트 매니저
기획,프로덕트 오너
기획,서비스 기획
기획,비즈니스 기획
기획,콘텐츠 기획
기획,상품 기획자
기획,제품 기획자
기획,데이터 분석 기획자
마케팅,콘텐츠 마케터
마케팅,디지털 마케터
마케팅,브랜드 마케터
마케팅,퍼포먼스 마케터
마케팅,SNS 마케터
마케팅,그로스 마케터
마케팅,검색광고 마케터
마케팅,바이럴 마케터
마케팅,프로모션 마케터
마케팅,광고 기획
투자자,엔젤투자자
투자자,벤처캐피탈
투자자,액셀러레이터
개발,설계 엔지니어
개발,H/W 엔지니어
